depart_lat,depart_lon,depart_nom,arrivee_lat,arrivee_lon,arrivee_nom,prix,distance_km,duree_min,sinuosite_indice,nb_virages,force_virages,congestion_moyen,meteo_bin,periode_bin,zone_bin
3.894018,11.510882,Bastos,3.822583,11.516337,Mvan,900,11.28,33.0,1.42,29,0.3,27.7,1,3,0
3.894018,11.510882,Bastos,3.875626,11.498415,Mokolo,250,3.93,6.5,1.59,9,0.37,15.8,0,3,0
3.894018,11.510882,Bastos,3.902621,11.54908,Ngousso,250,4.9,7.4,1.13,8,0.25,49.7,0,1,1
3.894018,11.510882,Bastos,3.914977,11.525281,Etoudi,350,4.07,11.2,1.44,10,0.32,56.3,0,2,0
3.894018,11.510882,Bastos,3.852363,11.498848,Cradat,350,6.84,10.9,1.42,14,0.38,68.9,0,2,0
3.894018,11.510882,Bastos,3.872102,11.536035,Essos,350,5.61,9.1,1.51,10,0.27,78.6,0,0,1
3.894018,11.510882,Bastos,3.857338,11.492532,Obili,400,6.87,16.3,1.51,10,0.32,50.8,0,1,1
3.894018,11.510882,Bastos,3.809866,11.476172,Simbock,1200,12.86,23.4,1.27,15,0.33,54.9,1,2,1
3.894018,11.510882,Bastos,3.84047,11.486478,Biyem-assi,500,10.17,23.6,1.55,17,0.44,55.6,0,1,0
3.894018,11.510882,Bastos,3.941935,11.518456,Messassi,350,5.97,10.9,1.11,12,0.34,16.5,1,3,0
3.894018,11.510882,Bastos,3.864589,11.496399,Melen,450,4.66,10.4,1.28,11,0.21,24.8,1,3,0
3.894018,11.510882,Bastos,3.867167,11.549298,Mimboman,250,5.96,14.9,1.15,11,0.4,60.7,0,0,0
3.894018,11.510882,Bastos,3.83599,11.550566,Awae,700,11.31,20.5,1.45,21,0.27,55.1,0,2,0
3.894018,11.510882,Bastos,3.8514,11.520286,Mvog-mbi,500,7.42,15.9,1.53,14,0.26,52.9,1,2,0
3.894018,11.510882,Bastos,3.829016,11.50904,Nsam,700,10.34,17.2,1.43,22,0.22,52.4,0,2,1
3.894018,11.510882,Bastos,3.887423,11.499263,Tsinga,300,2.34,5.0,1.58,3,0.34,58.7,0,2,0
3.894018,11.510882,Bastos,3.887005,11.518966,Nlongkak,100,1.48,2.7,1.24,2,0.23,42.9,0,1,0
3.894018,11.510882,Bastos,3.841615,11.53409,Ekounou,500,9.65,21.9,1.52,14,0.27,76.0,0,0,0
3.894018,11.510882,Bastos,3.932829,11.522329,Emana,450,6.48,14.7,1.44,12,0.23,64.0,0,0,0
3.894018,11.510882,Bastos,3.946907,11.522994,Olembe,600,8.53,16.0,1.41,19,0.31,53.8,1,2,0
3.894018,11.510882,Bastos,3.93979,11.545125,Nkozoa,600,9.08,23.4,1.43,14,0.35,20.0,0,3,0
3.894018,11.510882,Bastos,3.821206,11.487367,Nsimeyong,600,10.65,18.6,1.25,20,0.44,53.8,0,1,1
3.894018,11.510882,Bastos,3.863523,11.528387,Mvog-ada,300,4.72,12.0,1.21,11,0.3,67.1,0,2,0
3.894018,11.510882,Bastos,3.830017,11.482033,Jouvence,800,9.33,21.0,1.2,14,0.42,53.9,1,2,1
3.822583,11.516337,Mvan,3.875626,11.498415,Mokolo,450,9.8,17.7,1.57,19,0.25,56.4,0,2,0
3.822583,11.516337,Mvan,3.902621,11.54908,Ngousso,700,11.71,26.9,1.22,13,0.39,18.3,1,3,0
3.822583,11.516337,Mvan,3.914977,11.525281,Etoudi,800,15.51,40.5,1.5,41,0.33,46.2,0,1,0
3.822583,11.516337,Mvan,3.852363,11.498848,Cradat,450,6.03,11.1,1.57,14,0.44,49.3,1,1,0
3.822583,11.516337,Mvan,3.872102,11.536035,Essos,500,9.08,15.1,1.53,22,0.37,53.2,0,1,0
3.822583,11.516337,Mvan,3.857338,11.492532,Obili,400,5.87,10.9,1.25,12,0.43,59.9,0,2,1
3.822583,11.516337,Mvan,3.809866,11.476172,Simbock,400,6.83,15.3,1.46,16,0.43,57.5,0,1,0
3.822583,11.516337,Mvan,3.84047,11.486478,Biyem-assi,300,4.54,9.6,1.18,13,0.45,66.0,0,2,1
3.822583,11.516337,Mvan,3.941935,11.518456,Messassi,800,15.89,30.2,1.2,16,0.21,41.5,0,1,0
3.822583,11.516337,Mvan,3.864589,11.496399,Melen,450,6.73,10.4,1.3,16,0.37,65.0,0,0,0
3.822583,11.516337,Mvan,3.867167,11.549298,Mimboman,600,8.46,17.7,1.37,8,0.31,59.4,1,2,0
3.822583,11.516337,Mvan,3.83599,11.550566,Awae,350,4.74,9.5,1.16,13,0.25,16.0,0,3,1
3.822583,11.516337,Mvan,3.8514,11.520286,Mvog-mbi,250,3.63,6.8,1.12,7,0.3,69.7,1,0,0
3.822583,11.516337,Mvan,3.829016,11.50904,Nsam,100,1.26,3.1,1.17,1,0.39,78.5,0,0,1
3.822583,11.516337,Mvan,3.887423,11.499263,Tsinga,700,10.58,30.6,1.42,25,0.24,19.8,0,3,0
3.822583,11.516337,Mvan,3.887005,11.518966,Nlongkak,800,11.15,23.3,1.55,14,0.39,58.6,1,2,0
3.822583,11.516337,Mvan,3.841615,11.53409,Ekounou,300,4.04,11.0,1.4,9,0.33,29.0,0,3,1
3.822583,11.516337,Mvan,3.932829,11.522329,Emana,1000,14.85,36.8,1.21,20,0.28,52.5,1,1,1
3.822583,11.516337,Mvan,3.946907,11.522994,Olembe,1200,19.33,35.0,1.4,39,0.3,53.6,0,2,0
3.822583,11.516337,Mvan,3.93979,11.545125,Nkozoa,2000,18.94,31.4,1.41,41,0.28,59.5,1,2,1
3.822583,11.516337,Mvan,3.821206,11.487367,Nsimeyong,350,4.18,7.2,1.3,5,0.35,26.3,0,3,0
3.822583,11.516337,Mvan,3.863523,11.528387,Mvog-ada,450,7.15,12.8,1.51,16,0.32,53.3,1,2,0
3.822583,11.516337,Mvan,3.830017,11.482033,Jouvence,400,5.89,16.6,1.51,10,0.26,56.6,0,2,0
3.875626,11.498415,Mokolo,3.902621,11.54908,Ngousso,500,7.42,18.1,1.16,9,0.33,62.1,1,2,0
3.875626,11.498415,Mokolo,3.914977,11.525281,Etoudi,500,6.0,9.9,1.13,14,0.43,62.0,1,0,1
3.875626,11.498415,Mokolo,3.852363,11.498848,Cradat,300,3.04,7.8,1.18,7,0.41,51.3,0,2,1
3.875626,11.498415,Mokolo,3.872102,11.536035,Essos,400,6.21,14.4,1.48,11,0.24,23.2,0,3,0
3.875626,11.498415,Mokolo,3.857338,11.492532,Obili,250,2.93,5.3,1.37,5,0.37,76.6,0,0,0
3.875626,11.498415,Mokolo,3.809866,11.476172,Simbock,700,10.59,28.0,1.37,26,0.32,19.8,0,3,0
3.875626,11.498415,Mokolo,3.84047,11.486478,Biyem-assi,500,5.57,8.7,1.35,14,0.25,22.2,1,3,0
3.875626,11.498415,Mokolo,3.941935,11.518456,Messassi,600,11.22,32.0,1.46,16,0.24,48.5,0,1,0
3.875626,11.498415,Mokolo,3.864589,11.496399,Melen,250,1.62,4.3,1.3,2,0.36,72.9,1,0,1
3.875626,11.498415,Mokolo,3.867167,11.549298,Mimboman,600,8.92,20.2,1.56,22,0.29,26.0,0,3,0
3.875626,11.498415,Mokolo,3.83599,11.550566,Awae,500,8.83,22.7,1.21,21,0.21,71.0,0,0,0
3.875626,11.498415,Mokolo,3.8514,11.520286,Mvog-mbi,350,4.07,7.9,1.12,10,0.32,60.4,0,0,0
3.875626,11.498415,Mokolo,3.829016,11.50904,Nsam,500,8.19,18.1,1.54,17,0.31,57.1,0,1,1
3.875626,11.498415,Mokolo,3.887423,11.499263,Tsinga,150,1.73,5.1,1.32,2,0.43,41.7,0,1,0
3.875626,11.498415,Mokolo,3.887005,11.518966,Nlongkak,250,3.43,5.3,1.32,8,0.39,42.1,1,1,0
3.875626,11.498415,Mokolo,3.841615,11.53409,Ekounou,450,6.92,20.5,1.26,17,0.35,65.1,0,2,1
3.875626,11.498415,Mokolo,3.932829,11.522329,Emana,500,9.2,22.2,1.33,26,0.4,52.1,0,1,0
3.875626,11.498415,Mokolo,3.946907,11.522994,Olembe,800,11.14,18.5,1.33,30,0.22,20.5,1,3,0
3.875626,11.498415,Mokolo,3.93979,11.545125,Nkozoa,700,12.2,32.2,1.38,13,0.21,54.5,0,1,0
3.875626,11.498415,Mokolo,3.821206,11.487367,Nsimeyong,600,8.51,15.7,1.38,11,0.41,26.4,1,3,0
3.875626,11.498415,Mokolo,3.863523,11.528387,Mvog-ada,350,4.56,8.8,1.27,5,0.31,59.3,0,2,0
3.875626,11.498415,Mokolo,3.830017,11.482033,Jouvence,400,8.34,13.5,1.55,10,0.39,70.9,0,0,0
3.902621,11.54908,Ngousso,3.914977,11.525281,Etoudi,200,3.37,6.3,1.13,4,0.3,52.0,0,2,0
3.902621,11.54908,Ngousso,3.852363,11.498848,Cradat,500,9.92,17.1,1.26,10,0.3,63.9,1,2,0
3.902621,11.54908,Ngousso,3.872102,11.536035,Essos,350,5.4,14.3,1.46,5,0.35,25.6,0,3,0
3.902621,11.54908,Ngousso,3.857338,11.492532,Obili,500,9.9,20.8,1.23,11,0.34,49.2,0,1,0
3.902621,11.54908,Ngousso,3.809866,11.476172,Simbock,1200,20.66,54.4,1.58,31,0.41,56.9,1,1,0
3.902621,11.54908,Ngousso,3.84047,11.486478,Biyem-assi,600,10.95,21.3,1.12,31,0.26,17.3,0,3,0
3.902621,11.54908,Ngousso,3.941935,11.518456,Messassi,600,7.37,21.0,1.33,8,0.3,53.4,1,2,1
3.902621,11.54908,Ngousso,3.864589,11.496399,Melen,500,8.06,16.1,1.12,10,0.21,74.9,0,0,0
3.902621,11.54908,Ngousso,3.867167,11.549298,Mimboman,300,5.59,9.9,1.42,10,0.4,59.3,0,2,1
3.902621,11.54908,Ngousso,3.83599,11.550566,Awae,500,8.56,12.9,1.15,12,0.24,20.0,0,3,0
3.902621,11.54908,Ngousso,3.8514,11.520286,Mvog-mbi,450,7.61,14.4,1.16,11,0.42,51.1,1,1,0
3.902621,11.54908,Ngousso,3.829016,11.50904,Nsam,600,14.29,28.8,1.53,36,0.31,54.2,0,1,0
3.902621,11.54908,Ngousso,3.887423,11.499263,Tsinga,450,6.78,12.3,1.17,15,0.44,53.7,0,2,0
3.902621,11.54908,Ngousso,3.887005,11.518966,Nlongkak,300,5.7,8.9,1.51,10,0.29,22.4,0,3,0
3.902621,11.54908,Ngousso,3.841615,11.53409,Ekounou,600,9.65,21.2,1.38,18,0.23,71.7,1,0,1
3.902621,11.54908,Ngousso,3.932829,11.522329,Emana,300,5.81,11.1,1.3,6,0.29,67.9,0,2,0
3.902621,11.54908,Ngousso,3.946907,11.522994,Olembe,500,6.94,12.6,1.21,13,0.44,71.5,1,0,1
3.902621,11.54908,Ngousso,3.93979,11.545125,Nkozoa,600,6.24,16.0,1.5,11,0.26,28.5,0,3,1
3.902621,11.54908,Ngousso,3.821206,11.487367,Nsimeyong,700,13.91,23.8,1.23,14,0.21,66.1,0,0,0
3.902621,11.54908,Ngousso,3.863523,11.528387,Mvog-ada,400,6.61,10.5,1.35,17,0.42,62.5,0,2,0
3.902621,11.54908,Ngousso,3.830017,11.482033,Jouvence,1000,13.08,21.0,1.19,25,0.38,67.1,0,2,0
3.914977,11.525281,Etoudi,3.852363,11.498848,Cradat,500,9.71,18.4,1.29,9,0.21,65.5,0,2,0
3.914977,11.525281,Etoudi,3.872102,11.536035,Essos,500,7.64,20.3,1.56,9,0.35,16.6,0,3,0
3.914977,11.525281,Etoudi,3.857338,11.492532,Obili,600,8.57,20.4,1.16,23,0.33,43.9,1,1,0
3.914977,11.525281,Etoudi,3.809866,11.476172,Simbock,1200,16.69,27.8,1.29,45,0.3,52.8,0,2,0
3.914977,11.525281,Etoudi,3.84047,11.486478,Biyem-assi,800,13.11,38.5,1.4,32,0.24,50.1,0,2,0
3.914977,11.525281,Etoudi,3.941935,11.518456,Messassi,200,3.84,10.3,1.24,5,0.25,66.0,0,0,0
3.914977,11.525281,Etoudi,3.864589,11.496399,Melen,600,8.21,19.8,1.27,23,0.3,16.6,1,3,0
3.914977,11.525281,Etoudi,3.867167,11.549298,Mimboman,600,8.41,15.0,1.41,16,0.31,60.1,0,0,0
3.914977,11.525281,Etoudi,3.83599,11.550566,Awae,1000,13.28,26.2,1.44,16,0.41,66.0,1,2,0
3.914977,11.525281,Etoudi,3.8514,11.520286,Mvog-mbi,600,10.42,16.4,1.47,14,0.41,51.2,0,2,0
3.914977,11.525281,Etoudi,3.829016,11.50904,Nsam,700,11.13,22.4,1.14,12,0.43,52.2,0,2,1
3.914977,11.525281,Etoudi,3.887423,11.499263,Tsinga,250,5.05,8.0,1.2,10,0.4,77.6,0,0,0
3.914977,11.525281,Etoudi,3.887005,11.518966,Nlongkak,300,4.42,8.6,1.39,8,0.32,63.1,0,0,0
3.914977,11.525281,Etoudi,3.841615,11.53409,Ekounou,900,12.95,25.6,1.58,36,0.38,65.7,1,2,0
3.914977,11.525281,Etoudi,3.932829,11.522329,Emana,250,3.08,6.3,1.53,3,0.25,75.0,1,0,0
3.914977,11.525281,Etoudi,3.946907,11.522994,Olembe,500,5.64,9.8,1.59,11,0.27,65.1,1,0,1
3.914977,11.525281,Etoudi,3.93979,11.545125,Nkozoa,300,4.03,10.3,1.14,8,0.24,16.2,0,3,0
3.914977,11.525281,Etoudi,3.821206,11.487367,Nsimeyong,1200,16.08,24.7,1.43,31,0.29,73.2,1,0,0
3.914977,11.525281,Etoudi,3.863523,11.528387,Mvog-ada,350,6.51,10.0,1.14,12,0.25,57.8,0,2,0
3.914977,11.525281,Etoudi,3.830017,11.482033,Jouvence,1000,15.47,44.3,1.46,29,0.25,64.6,0,0,1
3.852363,11.498848,Cradat,3.872102,11.536035,Essos,250,5.82,8.8,1.25,6,0.37,60.1,0,0,0
3.852363,11.498848,Cradat,3.857338,11.492532,Obili,250,1.26,2.5,1.41,3,0.41,18.8,1,3,1
3.852363,11.498848,Cradat,3.809866,11.476172,Simbock,400,7.72,19.3,1.44,9,0.23,51.5,0,2,0
3.852363,11.498848,Cradat,3.84047,11.486478,Biyem-assi,300,2.83,5.2,1.48,4,0.35,72.9,0,0,0
3.852363,11.498848,Cradat,3.941935,11.518456,Messassi,700,12.09,23.6,1.19,14,0.3,52.7,0,1,0
3.852363,11.498848,Cradat,3.864589,11.496399,Melen,150,1.61,2.6,1.16,3,0.33,42.3,0,1,0
3.852363,11.498848,Cradat,3.867167,11.549298,Mimboman,500,8.97,22.9,1.54,13,0.31,72.5,0,0,0
3.852363,11.498848,Cradat,3.83599,11.550566,Awae,500,8.65,13.0,1.44,13,0.34,61.0,0,0,0
3.852363,11.498848,Cradat,3.8514,11.520286,Mvog-mbi,200,3.15,5.3,1.32,3,0.45,55.3,0,1,0
3.852363,11.498848,Cradat,3.829016,11.50904,Nsam,300,3.5,9.9,1.24,4,0.35,77.9,0,0,0
3.852363,11.498848,Cradat,3.887423,11.499263,Tsinga,400,6.02,11.2,1.54,8,0.35,66.4,0,2,0
3.852363,11.498848,Cradat,3.887005,11.518966,Nlongkak,500,6.68,12.7,1.5,8,0.26,27.9,0,3,1
3.852363,11.498848,Cradat,3.841615,11.53409,Ekounou,250,4.73,9.1,1.16,8,0.34,46.3,0,1,0
3.852363,11.498848,Cradat,3.932829,11.522329,Emana,800,14.27,23.8,1.53,39,0.41,53.5,0,1,0
3.852363,11.498848,Cradat,3.946907,11.522994,Olembe,800,12.41,31.4,1.14,21,0.26,59.1,0,2,0
3.852363,11.498848,Cradat,3.93979,11.545125,Nkozoa,700,12.46,29.2,1.13,30,0.37,68.1,0,2,0
3.852363,11.498848,Cradat,3.821206,11.487367,Nsimeyong,350,5.45,9.3,1.48,10,0.29,56.5,0,2,0
3.852363,11.498848,Cradat,3.863523,11.528387,Mvog-ada,300,5.05,11.8,1.44,11,0.27,24.8,0,3,1
3.852363,11.498848,Cradat,3.830017,11.482033,Jouvence,350,4.72,11.1,1.52,10,0.37,23.8,1,3,0
3.872102,11.536035,Essos,3.857338,11.492532,Obili,450,8.01,12.4,1.57,16,0.41,50.8,0,2,0
3.872102,11.536035,Essos,3.809866,11.476172,Simbock,1000,15.2,31.6,1.58,23,0.38,75.9,1,0,0
3.872102,11.536035,Essos,3.84047,11.486478,Biyem-assi,400,7.75,13.8,1.19,9,0.28,48.4,0,1,1
3.872102,11.536035,Essos,3.941935,11.518456,Messassi,1000,12.56,19.9,1.57,26,0.43,52.0,1,1,0
3.872102,11.536035,Essos,3.864589,11.496399,Melen,350,5.3,13.1,1.18,15,0.27,18.3,0,3,0
3.872102,11.536035,Essos,3.867167,11.549298,Mimboman,300,2.34,5.1,1.49,4,0.44,67.3,1,2,1
3.872102,11.536035,Essos,3.83599,11.550566,Awae,400,5.56,13.8,1.29,14,0.36,66.4,0,0,1
3.872102,11.536035,Essos,3.8514,11.520286,Mvog-mbi,300,4.25,8.2,1.47,12,0.44,55.6,0,2,0
3.872102,11.536035,Essos,3.829016,11.50904,Nsam,450,6.62,13.3,1.17,11,0.28,56.5,1,1,1
3.872102,11.536035,Essos,3.887423,11.499263,Tsinga,450,6.55,18.7,1.48,10,0.38,67.2,0,2,1
3.872102,11.536035,Essos,3.887005,11.518966,Nlongkak,300,3.87,8.4,1.54,8,0.37,15.6,0,3,0
3.872102,11.536035,Essos,3.841615,11.53409,Ekounou,350,5.16,8.0,1.52,5,0.43,69.6,0,0,0
3.872102,11.536035,Essos,3.932829,11.522329,Emana,400,7.69,12.7,1.11,11,0.42,56.5,0,2,0
3.872102,11.536035,Essos,3.946907,11.522994,Olembe,800,11.57,19.6,1.37,18,0.37,51.3,1,1,1
3.872102,11.536035,Essos,3.93979,11.545125,Nkozoa,700,10.48,23.1,1.38,13,0.31,19.5,0,3,0
3.872102,11.536035,Essos,3.821206,11.487367,Nsimeyong,600,10.65,18.5,1.36,17,0.29,57.0,0,1,0
3.872102,11.536035,Essos,3.863523,11.528387,Mvog-ada,150,1.72,4.7,1.34,3,0.32,76.5,1,0,1
3.872102,11.536035,Essos,3.830017,11.482033,Jouvence,600,9.89,16.2,1.3,22,0.31,21.4,1,3,0
3.857338,11.492532,Obili,3.809866,11.476172,Simbock,450,8.34,12.9,1.49,23,0.43,60.2,0,2,0
3.857338,11.492532,Obili,3.84047,11.486478,Biyem-assi,200,3.07,5.2,1.54,3,0.31,47.2,0,1,1
3.857338,11.492532,Obili,3.941935,11.518456,Messassi,600,12.02,24.6,1.22,21,0.38,40.3,0,1,0
3.857338,11.492532,Obili,3.864589,11.496399,Melen,100,1.23,1.9,1.35,2,0.23,18.6,0,3,0
3.857338,11.492532,Obili,3.867167,11.549298,Mimboman,400,9.79,22.3,1.53,16,0.42,52.9,0,1,0
3.857338,11.492532,Obili,3.83599,11.550566,Awae,500,9.71,25.0,1.42,17,0.28,62.3,1,2,0
3.857338,11.492532,Obili,3.8514,11.520286,Mvog-mbi,300,4.83,9.8,1.53,13,0.36,71.4,0,0,1
3.857338,11.492532,Obili,3.829016,11.50904,Nsam,400,4.51,8.8,1.24,7,0.26,77.1,1,0,0
3.857338,11.492532,Obili,3.887423,11.499263,Tsinga,350,5.34,9.4,1.56,15,0.31,59.6,0,2,0
3.857338,11.492532,Obili,3.887005,11.518966,Nlongkak,400,6.59,16.9,1.49,7,0.43,56.1,0,1,1
3.857338,11.492532,Obili,3.841615,11.53409,Ekounou,350,7.36,16.1,1.49,14,0.24,50.1,0,1,0
3.857338,11.492532,Obili,3.932829,11.522329,Emana,900,13.15,19.8,1.46,13,0.31,63.0,0,2,1
3.857338,11.492532,Obili,3.946907,11.522994,Olembe,1000,12.0,34.1,1.14,35,0.23,28.0,0,3,0
3.857338,11.492532,Obili,3.93979,11.545125,Nkozoa,1000,12.44,27.2,1.14,16,0.36,68.7,1,2,0
3.857338,11.492532,Obili,3.821206,11.487367,Nsimeyong,300,4.91,10.2,1.21,8,0.39,24.9,0,3,0
3.857338,11.492532,Obili,3.863523,11.528387,Mvog-ada,300,5.46,9.3,1.35,6,0.35,66.6,0,0,0
3.857338,11.492532,Obili,3.830017,11.482033,Jouvence,300,3.95,8.5,1.21,10,0.4,71.4,0,0,0
3.809866,11.476172,Simbock,3.84047,11.486478,Biyem-assi,300,5.66,12.4,1.58,16,0.36,52.6,0,1,0
3.809866,11.476172,Simbock,3.941935,11.518456,Messassi,1000,21.83,41.7,1.42,64,0.27,50.8,0,1,0
3.809866,11.476172,Simbock,3.864589,11.496399,Melen,600,9.63,25.1,1.48,25,0.31,16.9,0,3,0
3.809866,11.476172,Simbock,3.867167,11.549298,Mimboman,1000,12.24,19.0,1.19,29,0.44,26.3,0,3,1
3.809866,11.476172,Simbock,3.83599,11.550566,Awae,600,11.25,21.4,1.29,23,0.36,55.0,0,1,0
3.809866,11.476172,Simbock,3.8514,11.520286,Mvog-mbi,600,10.38,26.1,1.54,18,0.22,20.1,0,3,0
3.809866,11.476172,Simbock,3.829016,11.50904,Nsam,400,6.03,11.8,1.43,6,0.31,20.7,0,3,0
3.809866,11.476172,Simbock,3.887423,11.499263,Tsinga,600,10.75,22.5,1.19,20,0.31,54.3,0,1,0
3.809866,11.476172,Simbock,3.887005,11.518966,Nlongkak,700,11.54,29.5,1.18,34,0.24,16.6,0,3,0
3.809866,11.476172,Simbock,3.841615,11.53409,Ekounou,500,8.86,14.7,1.21,17,0.2,41.1,0,1,0
3.809866,11.476172,Simbock,3.932829,11.522329,Emana,1500,20.59,33.4,1.41,52,0.35,28.4,0,3,1
3.809866,11.476172,Simbock,3.946907,11.522994,Olembe,1000,17.78,36.1,1.1,38,0.21,21.7,0,3,0
3.809866,11.476172,Simbock,3.93979,11.545125,Nkozoa,1700,24.76,67.6,1.51,36,0.22,64.5,0,0,0
3.809866,11.476172,Simbock,3.821206,11.487367,Nsimeyong,250,2.74,4.9,1.55,5,0.32,49.8,0,1,0
3.809866,11.476172,Simbock,3.863523,11.528387,Mvog-ada,450,9.8,19.9,1.18,13,0.37,55.8,0,2,0
3.809866,11.476172,Simbock,3.830017,11.482033,Jouvence,250,2.59,4.2,1.11,2,0.37,63.6,0,2,0
3.84047,11.486478,Biyem-assi,3.941935,11.518456,Messassi,800,13.72,37.6,1.16,20,0.36,73.0,0,0,0
3.84047,11.486478,Biyem-assi,3.864589,11.496399,Melen,400,4.22,10.1,1.45,10,0.26,22.3,0,3,1
3.84047,11.486478,Biyem-assi,3.867167,11.549298,Mimboman,600,9.79,27.6,1.29,24,0.21,25.5,1,3,0
3.84047,11.486478,Biyem-assi,3.83599,11.550566,Awae,600,10.59,27.4,1.49,30,0.23,52.7,1,2,0
3.84047,11.486478,Biyem-assi,3.8514,11.520286,Mvog-mbi,300,5.31,13.0,1.35,8,0.22,54.2,0,2,0
3.84047,11.486478,Biyem-assi,3.829016,11.50904,Nsam,250,3.46,9.4,1.23,4,0.23,58.0,0,2,0
3.84047,11.486478,Biyem-assi,3.887423,11.499263,Tsinga,450,7.27,11.3,1.34,13,0.39,69.7,0,2,1
3.84047,11.486478,Biyem-assi,3.887005,11.518966,Nlongkak,450,8.48,16.6,1.35,9,0.24,60.3,0,0,0
3.84047,11.486478,Biyem-assi,3.841615,11.53409,Ekounou,500,6.65,10.2,1.26,8,0.36,26.4,0,3,0
3.84047,11.486478,Biyem-assi,3.932829,11.522329,Emana,700,14.35,25.0,1.3,28,0.27,67.2,1,0,0
3.84047,11.486478,Biyem-assi,3.946907,11.522994,Olembe,1200,15.98,29.4,1.28,41,0.37,65.9,1,0,0
3.84047,11.486478,Biyem-assi,3.93979,11.545125,Nkozoa,800,14.76,25.5,1.15,28,0.22,56.9,0,2,0
3.84047,11.486478,Biyem-assi,3.821206,11.487367,Nsimeyong,250,2.81,5.8,1.31,5,0.35,72.2,0,0,0
3.84047,11.486478,Biyem-assi,3.863523,11.528387,Mvog-ada,450,6.86,16.4,1.29,19,0.21,28.6,0,3,1
3.84047,11.486478,Biyem-assi,3.830017,11.482033,Jouvence,300,2.01,3.2,1.59,2,0.41,63.4,0,0,1
3.941935,11.518456,Messassi,3.864589,11.496399,Melen,500,10.93,24.9,1.22,15,0.35,68.6,0,2,0
3.941935,11.518456,Messassi,3.867167,11.549298,Mimboman,700,13.9,26.4,1.55,33,0.37,58.2,0,1,0
3.941935,11.518456,Messassi,3.83599,11.550566,Awae,1200,16.3,24.5,1.32,17,0.33,42.6,1,1,0
3.941935,11.518456,Messassi,3.8514,11.520286,Mvog-mbi,600,11.42,17.2,1.13,29,0.28,76.9,1,0,0
3.941935,11.518456,Messassi,3.829016,11.50904,Nsam,800,14.38,27.3,1.14,32,0.4,16.1,0,3,0
3.941935,11.518456,Messassi,3.887423,11.499263,Tsinga,400,7.95,13.4,1.24,11,0.38,15.7,0,3,0
3.941935,11.518456,Messassi,3.887005,11.518966,Nlongkak,500,8.48,16.0,1.39,25,0.28,70.6,0,0,1
3.941935,11.518456,Messassi,3.841615,11.53409,Ekounou,600,13.57,21.8,1.2,17,0.36,46.9,0,1,0
3.941935,11.518456,Messassi,3.932829,11.522329,Emana,100,1.69,2.6,1.54,3,0.23,40.4,0,1,1
3.941935,11.518456,Messassi,3.946907,11.522994,Olembe,150,1.11,2.9,1.48,1,0.35,56.9,0,1,1
3.941935,11.518456,Messassi,3.93979,11.545125,Nkozoa,350,4.71,13.6,1.59,4,0.22,76.1,1,0,0
3.941935,11.518456,Messassi,3.821206,11.487367,Nsimeyong,1000,16.33,28.1,1.18,30,0.28,64.6,1,2,0
3.941935,11.518456,Messassi,3.863523,11.528387,Mvog-ada,500,9.72,23.7,1.11,25,0.37,52.6,1,2,0
3.941935,11.518456,Messassi,3.830017,11.482033,Jouvence,1000,17.24,41.0,1.32,20,0.28,50.0,0,1,1
3.864589,11.496399,Melen,3.867167,11.549298,Mimboman,600,8.77,13.7,1.49,19,0.35,25.7,0,3,0
3.864589,11.496399,Melen,3.83599,11.550566,Awae,500,8.94,14.3,1.31,11,0.34,51.9,0,2,0
3.864589,11.496399,Melen,3.8514,11.520286,Mvog-mbi,300,3.45,6.9,1.14,9,0.24,65.9,1,2,0
3.864589,11.496399,Melen,3.829016,11.50904,Nsam,400,4.71,10.0,1.12,8,0.31,61.0,0,2,0
3.864589,11.496399,Melen,3.887423,11.499263,Tsinga,350,3.84,9.6,1.5,8,0.3,25.4,1,3,0
3.864589,11.496399,Melen,3.887005,11.518966,Nlongkak,450,4.11,7.1,1.16,5,0.29,72.5,1,0,1
3.864589,11.496399,Melen,3.841615,11.53409,Ekounou,450,5.73,13.2,1.17,15,0.41,19.9,1,3,0
3.864589,11.496399,Melen,3.932829,11.522329,Emana,600,9.78,25.9,1.21,26,0.36,19.9,0,3,0
3.864589,11.496399,Melen,3.946907,11.522994,Olembe,600,13.73,30.4,1.43,36,0.34,51.7,0,1,0
3.864589,11.496399,Melen,3.93979,11.545125,Nkozoa,800,14.01,25.0,1.41,38,0.36,54.6,0,1,0
3.864589,11.496399,Melen,3.821206,11.487367,Nsimeyong,450,6.43,12.0,1.31,14,0.34,24.2,0,3,0
3.864589,11.496399,Melen,3.863523,11.528387,Mvog-ada,400,5.67,9.9,1.6,5,0.31,67.8,0,2,0
3.864589,11.496399,Melen,3.830017,11.482033,Jouvence,400,6.58,18.2,1.58,8,0.36,18.1,0,3,0
3.867167,11.549298,Mimboman,3.83599,11.550566,Awae,450,5.26,8.6,1.52,8,0.4,19.4,0,3,0
3.867167,11.549298,Mimboman,3.8514,11.520286,Mvog-mbi,450,4.14,11.1,1.13,11,0.42,63.9,1,0,1
3.867167,11.549298,Mimboman,3.829016,11.50904,Nsam,400,6.79,11.3,1.1,15,0.23,49.1,0,1,1
3.867167,11.549298,Mimboman,3.887423,11.499263,Tsinga,500,7.54,15.6,1.26,17,0.44,64.8,1,0,0
3.867167,11.549298,Mimboman,3.887005,11.518966,Nlongkak,350,5.93,11.2,1.47,8,0.42,67.8,1,2,0
3.867167,11.549298,Mimboman,3.841615,11.53409,Ekounou,350,5.16,10.1,1.56,11,0.33,68.4,0,0,0
3.867167,11.549298,Mimboman,3.932829,11.522329,Emana,700,8.89,22.2,1.13,25,0.22,21.4,1,3,0
3.867167,11.549298,Mimboman,3.946907,11.522994,Olembe,800,12.06,18.7,1.29,26,0.44,50.6,0,1,0
3.867167,11.549298,Mimboman,3.93979,11.545125,Nkozoa,800,11.16,17.1,1.38,20,0.27,62.3,1,0,0
3.867167,11.549298,Mimboman,3.821206,11.487367,Nsimeyong,800,12.71,25.8,1.48,37,0.31,68.1,0,2,0
3.867167,11.549298,Mimboman,3.863523,11.528387,Mvog-ada,300,3.06,5.5,1.3,5,0.37,18.5,0,3,0
3.867167,11.549298,Mimboman,3.830017,11.482033,Jouvence,600,10.95,19.7,1.28,12,0.28,78.7,0,0,1
3.83599,11.550566,Awae,3.8514,11.520286,Mvog-mbi,400,5.3,8.5,1.41,8,0.32,25.8,1,3,1
3.83599,11.550566,Awae,3.829016,11.50904,Nsam,300,5.19,14.0,1.11,11,0.41,55.6,0,2,0
3.83599,11.550566,Awae,3.887423,11.499263,Tsinga,800,12.06,35.5,1.5,14,0.25,69.4,1,2,0
3.83599,11.550566,Awae,3.887005,11.518966,Nlongkak,450,9.35,15.1,1.4,23,0.41,67.7,0,0,0
3.83599,11.550566,Awae,3.841615,11.53409,Ekounou,200,3.02,7.3,1.56,4,0.39,18.2,0,3,0
3.83599,11.550566,Awae,3.932829,11.522329,Emana,900,14.19,22.6,1.27,41,0.27,42.8,1,1,0
3.83599,11.550566,Awae,3.946907,11.522994,Olembe,1200,19.7,49.3,1.55,38,0.35,79.9,0,0,1
3.83599,11.550566,Awae,3.93979,11.545125,Nkozoa,1000,14.05,25.1,1.22,34,0.38,25.6,0,3,0
3.83599,11.550566,Awae,3.821206,11.487367,Nsimeyong,500,10.62,20.3,1.48,22,0.27,60.5,0,2,0
3.83599,11.550566,Awae,3.863523,11.528387,Mvog-ada,400,4.67,8.2,1.19,11,0.26,62.4,1,0,0
3.83599,11.550566,Awae,3.830017,11.482033,Jouvence,600,11.55,27.3,1.51,23,0.31,45.0,1,1,0
3.8514,11.520286,Mvog-mbi,3.829016,11.50904,Nsam,300,4.28,10.5,1.54,12,0.4,74.3,0,0,1
3.8514,11.520286,Mvog-mbi,3.887423,11.499263,Tsinga,350,6.31,14.0,1.36,9,0.23,52.7,0,1,0
3.8514,11.520286,Mvog-mbi,3.887005,11.518966,Nlongkak,450,6.3,18.8,1.59,10,0.45,77.3,0,0,0
3.8514,11.520286,Mvog-mbi,3.841615,11.53409,Ekounou,250,2.83,5.2,1.51,5,0.41,57.8,0,1,0
3.8514,11.520286,Mvog-mbi,3.932829,11.522329,Emana,700,10.64,23.2,1.18,26,0.24,21.1,0,3,0
3.8514,11.520286,Mvog-mbi,3.946907,11.522994,Olembe,1000,14.97,25.4,1.41,34,0.41,65.5,1,2,0
3.8514,11.520286,Mvog-mbi,3.93979,11.545125,Nkozoa,700,12.49,27.6,1.22,16,0.29,53.7,0,1,1
3.8514,11.520286,Mvog-mbi,3.821206,11.487367,Nsimeyong,400,7.4,12.4,1.49,11,0.4,74.8,0,0,0
3.8514,11.520286,Mvog-mbi,3.863523,11.528387,Mvog-ada,250,2.18,4.5,1.34,5,0.23,76.3,0,0,0
3.8514,11.520286,Mvog-mbi,3.830017,11.482033,Jouvence,350,7.16,11.1,1.47,9,0.3,44.1,0,1,1
3.829016,11.50904,Nsam,3.887423,11.499263,Tsinga,600,10.15,25.2,1.54,15,0.26,70.3,1,0,0
3.829016,11.50904,Nsam,3.887005,11.518966,Nlongkak,700,8.97,13.9,1.37,26,0.26,76.4,1,0,0
3.829016,11.50904,Nsam,3.841615,11.53409,Ekounou,350,4.36,8.5,1.4,7,0.43,49.7,0,1,0
3.829016,11.50904,Nsam,3.932829,11.522329,Emana,1200,18.25,53.6,1.57,18,0.29,50.9,1,1,0
3.829016,11.50904,Nsam,3.946907,11.522994,Olembe,1500,19.96,31.4,1.51,35,0.37,76.5,1,0,0
3.829016,11.50904,Nsam,3.93979,11.545125,Nkozoa,1000,15.17,31.0,1.17,20,0.24,51.3,0,2,0
3.829016,11.50904,Nsam,3.821206,11.487367,Nsimeyong,300,2.92,5.2,1.14,8,0.33,71.5,1,0,0
3.829016,11.50904,Nsam,3.863523,11.528387,Mvog-ada,400,6.25,15.1,1.42,16,0.41,57.8,0,1,0
3.829016,11.50904,Nsam,3.830017,11.482033,Jouvence,200,3.61,8.1,1.2,10,0.33,55.0,0,2,0
3.887423,11.499263,Tsinga,3.887005,11.518966,Nlongkak,250,2.74,4.6,1.25,4,0.27,65.2,0,0,0
3.887423,11.499263,Tsinga,3.841615,11.53409,Ekounou,500,8.32,18.5,1.3,12,0.35,20.2,0,3,0
3.887423,11.499263,Tsinga,3.932829,11.522329,Emana,450,6.42,10.5,1.13,18,0.23,43.5,1,1,0
3.887423,11.499263,Tsinga,3.946907,11.522994,Olembe,450,9.01,19.9,1.27,16,0.26,22.7,0,3,0
3.887423,11.499263,Tsinga,3.93979,11.545125,Nkozoa,500,9.4,18.6,1.22,21,0.25,70.2,0,0,0
3.887423,11.499263,Tsinga,3.821206,11.487367,Nsimeyong,450,9.41,17.4,1.26,12,0.36,56.5,0,2,0
3.887423,11.499263,Tsinga,3.863523,11.528387,Mvog-ada,350,5.87,13.4,1.4,12,0.28,67.3,0,2,0
3.887423,11.499263,Tsinga,3.830017,11.482033,Jouvence,600,9.19,23.6,1.38,21,0.29,61.9,0,2,1
3.887005,11.518966,Nlongkak,3.841615,11.53409,Ekounou,500,6.2,9.5,1.17,6,0.25,22.2,0,3,0
3.887005,11.518966,Nlongkak,3.932829,11.522329,Emana,450,7.49,15.1,1.47,19,0.27,57.5,0,1,1
3.887005,11.518966,Nlongkak,3.946907,11.522994,Olembe,600,9.39,18.1,1.41,22,0.38,23.8,0,3,0
3.887005,11.518966,Nlongkak,3.93979,11.545125,Nkozoa,600,9.64,16.0,1.47,21,0.44,27.7,1,3,1
3.887005,11.518966,Nlongkak,3.821206,11.487367,Nsimeyong,700,11.47,33.1,1.41,24,0.22,58.6,0,2,1
3.887005,11.518966,Nlongkak,3.863523,11.528387,Mvog-ada,200,3.1,5.0,1.1,5,0.44,41.2,0,1,1
3.887005,11.518966,Nlongkak,3.830017,11.482033,Jouvence,600,11.66,31.4,1.55,21,0.3,55.9,0,1,0
3.841615,11.53409,Ekounou,3.932829,11.522329,Emana,700,13.48,20.3,1.32,17,0.32,47.6,0,1,1
3.841615,11.53409,Ekounou,3.946907,11.522994,Olembe,700,14.94,26.9,1.27,40,0.34,79.2,0,0,0
3.841615,11.53409,Ekounou,3.93979,11.545125,Nkozoa,700,12.49,27.2,1.14,35,0.38,45.6,0,1,0
3.841615,11.53409,Ekounou,3.821206,11.487367,Nsimeyong,450,7.17,11.6,1.27,10,0.38,59.7,1,2,0
3.841615,11.53409,Ekounou,3.863523,11.528387,Mvog-ada,250,3.19,6.7,1.27,8,0.27,50.1,1,2,0
3.841615,11.53409,Ekounou,3.830017,11.482033,Jouvence,500,7.4,11.2,1.25,20,0.36,17.2,0,3,1
3.932829,11.522329,Emana,3.946907,11.522994,Olembe,250,2.36,5.0,1.51,5,0.33,18.1,0,3,1
3.932829,11.522329,Emana,3.93979,11.545125,Nkozoa,350,3.24,7.0,1.22,6,0.34,25.7,0,3,1
3.932829,11.522329,Emana,3.821206,11.487367,Nsimeyong,1200,16.55,34.0,1.27,28,0.29,48.7,1,1,0
3.932829,11.522329,Emana,3.863523,11.528387,Mvog-ada,600,10.09,29.2,1.3,24,0.35,51.2,0,1,0
3.932829,11.522329,Emana,3.830017,11.482033,Jouvence,1000,17.72,44.6,1.44,28,0.24,65.9,1,0,0
3.946907,11.522994,Olembe,3.93979,11.545125,Nkozoa,350,4.08,9.2,1.58,7,0.44,45.3,0,1,0
3.946907,11.522994,Olembe,3.821206,11.487367,Nsimeyong,1200,16.35,30.6,1.13,17,0.35,59.8,0,2,1
3.946907,11.522994,Olembe,3.863523,11.528387,Mvog-ada,800,11.53,18.4,1.24,21,0.43,62.5,1,0,1
3.946907,11.522994,Olembe,3.830017,11.482033,Jouvence,1700,18.59,50.2,1.35,34,0.36,15.1,1,3,1
3.93979,11.545125,Nkozoa,3.821206,11.487367,Nsimeyong,1500,19.14,44.7,1.31,22,0.43,25.3,0,3,0
3.93979,11.545125,Nkozoa,3.863523,11.528387,Mvog-ada,700,13.41,21.3,1.54,20,0.41,51.9,0,1,1
3.93979,11.545125,Nkozoa,3.830017,11.482033,Jouvence,1000,18.91,54.1,1.34,40,0.29,73.2,0,0,0
3.821206,11.487367,Nsimeyong,3.863523,11.528387,Mvog-ada,500,10.03,20.4,1.53,28,0.42,63.6,0,0,0
3.821206,11.487367,Nsimeyong,3.830017,11.482033,Jouvence,100,1.56,3.5,1.36,2,0.28,57.2,0,1,1
3.863523,11.528387,Mvog-ada,3.830017,11.482033,Jouvence,450,8.97,23.4,1.41,18,0.23,54.1,0,2,0
3.894018,11.510882,Bastos,3.864589,11.496399,Melen,300,4.54,7.7,1.25,9,0.29,76.4,0,0,0
3.822583,11.516337,Mvan,3.946907,11.522994,Olembe,1700,19.36,51.0,1.4,55,0.29,23.4,1,3,1
3.941935,11.518456,Messassi,3.83599,11.550566,Awae,1000,15.42,32.1,1.25,34,0.26,28.1,0,3,0
3.875626,11.498415,Mokolo,3.872102,11.536035,Essos,400,6.32,15.0,1.51,10,0.33,19.8,0,3,0
3.857338,11.492532,Obili,3.8514,11.520286,Mvog-mbi,400,4.54,10.8,1.44,5,0.24,25.5,0,3,1
3.864589,11.496399,Melen,3.83599,11.550566,Awae,450,9.33,17.2,1.37,20,0.36,45.8,0,1,1
3.863523,11.528387,Mvog-ada,3.830017,11.482033,Jouvence,600,9.04,15.0,1.42,24,0.36,28.6,0,3,0
3.932829,11.522329,Emana,3.93979,11.545125,Nkozoa,250,3.08,4.8,1.16,7,0.33,42.7,0,1,0
3.894018,11.510882,Bastos,3.829016,11.50904,Nsam,600,8.86,20.2,1.23,22,0.36,58.0,0,1,1
3.875626,11.498415,Mokolo,3.914977,11.525281,Etoudi,500,8.27,14.6,1.56,10,0.27,23.7,0,3,0
3.894018,11.510882,Bastos,3.841615,11.53409,Ekounou,600,8.68,18.3,1.36,13,0.25,78.1,0,0,0
3.941935,11.518456,Messassi,3.829016,11.50904,Nsam,1500,18.03,29.9,1.43,49,0.29,77.7,1,0,0
3.932829,11.522329,Emana,3.830017,11.482033,Jouvence,1200,18.0,27.5,1.47,37,0.28,28.5,1,3,0
3.875626,11.498415,Mokolo,3.84047,11.486478,Biyem-assi,450,6.3,13.8,1.53,9,0.42,73.7,0,0,1
3.841615,11.53409,Ekounou,3.821206,11.487367,Nsimeyong,500,7.56,15.1,1.34,17,0.39,24.1,1,3,0
3.914977,11.525281,Etoudi,3.829016,11.50904,Nsam,800,13.1,26.9,1.35,27,0.23,29.6,1,3,0
3.914977,11.525281,Etoudi,3.83599,11.550566,Awae,900,12.95,22.4,1.4,37,0.32,58.9,0,2,0
3.887423,11.499263,Tsinga,3.841615,11.53409,Ekounou,450,7.81,16.5,1.22,20,0.22,55.4,1,1,0
3.822583,11.516337,Mvan,3.829016,11.50904,Nsam,150,1.6,3.9,1.48,1,0.37,27.3,0,3,0
3.822583,11.516337,Mvan,3.857338,11.492532,Obili,350,5.69,9.3,1.22,13,0.44,25.1,0,3,1
3.841615,11.53409,Ekounou,3.830017,11.482033,Jouvence,400,7.96,16.8,1.35,8,0.44,52.2,0,1,0
3.809866,11.476172,Simbock,3.830017,11.482033,Jouvence,300,3.02,5.8,1.3,7,0.2,57.2,0,2,0
3.894018,11.510882,Bastos,3.852363,11.498848,Cradat,600,7.68,11.7,1.59,16,0.21,22.7,1,3,0
3.872102,11.536035,Essos,3.887423,11.499263,Tsinga,400,5.57,8.6,1.26,13,0.26,18.1,0,3,1
3.872102,11.536035,Essos,3.887005,11.518966,Nlongkak,250,3.52,8.1,1.4,3,0.37,67.6,0,0,0
3.941935,11.518456,Messassi,3.821206,11.487367,Nsimeyong,1500,19.23,49.9,1.39,22,0.23,59.4,1,2,0
3.894018,11.510882,Bastos,3.809866,11.476172,Simbock,900,13.58,22.8,1.34,22,0.33,68.0,1,0,0
3.852363,11.498848,Cradat,3.863523,11.528387,Mvog-ada,300,4.37,7.7,1.25,6,0.25,61.1,1,2,0
3.887005,11.518966,Nlongkak,3.830017,11.482033,Jouvence,700,10.18,16.5,1.35,25,0.31,77.5,1,0,0
3.809866,11.476172,Simbock,3.841615,11.53409,Ekounou,450,8.48,20.6,1.16,18,0.29,49.0,0,1,0
3.894018,11.510882,Bastos,3.821206,11.487367,Nsimeyong,500,10.53,21.6,1.24,11,0.31,56.0,0,1,0
3.875626,11.498415,Mokolo,3.867167,11.549298,Mimboman,600,7.54,11.7,1.32,9,0.33,21.3,1,3,1
3.894018,11.510882,Bastos,3.864589,11.496399,Melen,300,5.67,8.9,1.56,13,0.25,65.8,0,0,0
3.894018,11.510882,Bastos,3.887005,11.518966,Nlongkak,150,1.45,4.2,1.22,4,0.35,20.5,0,3,0
3.841615,11.53409,Ekounou,3.863523,11.528387,Mvog-ada,300,3.13,6.7,1.24,4,0.44,15.1,0,3,0
3.841615,11.53409,Ekounou,3.93979,11.545125,Nkozoa,1200,16.4,27.1,1.49,16,0.42,62.4,1,2,0
3.809866,11.476172,Simbock,3.829016,11.50904,Nsam,600,6.59,13.4,1.56,18,0.29,22.7,0,3,1
3.867167,11.549298,Mimboman,3.829016,11.50904,Nsam,500,7.79,16.9,1.26,19,0.44,67.3,1,2,0
3.809866,11.476172,Simbock,3.932829,11.522329,Emana,1200,18.5,34.3,1.27,25,0.23,64.5,0,2,0
3.894018,11.510882,Bastos,3.863523,11.528387,Mvog-ada,350,4.44,12.2,1.14,5,0.4,68.8,0,2,0
3.84047,11.486478,Biyem-assi,3.946907,11.522994,Olembe,1700,19.3,35.3,1.54,27,0.4,70.4,1,0,1
3.894018,11.510882,Bastos,3.93979,11.545125,Nkozoa,400,7.12,10.8,1.12,9,0.33,49.1,0,1,1
3.864589,11.496399,Melen,3.946907,11.522994,Olembe,1000,15.09,27.3,1.57,37,0.21,47.7,0,1,1
3.867167,11.549298,Mimboman,3.863523,11.528387,Mvog-ada,300,2.93,7.0,1.25,8,0.22,74.7,0,0,0
3.894018,11.510882,Bastos,3.8514,11.520286,Mvog-mbi,500,6.7,13.0,1.38,19,0.4,29.2,0,3,0
3.852363,11.498848,Cradat,3.867167,11.549298,Mimboman,400,8.73,24.2,1.5,19,0.3,69.3,0,0,0
3.914977,11.525281,Etoudi,3.841615,11.53409,Ekounou,700,12.07,27.7,1.47,15,0.29,49.5,0,1,0
3.841615,11.53409,Ekounou,3.863523,11.528387,Mvog-ada,250,3.34,7.9,1.33,5,0.33,69.9,0,0,0
3.872102,11.536035,Essos,3.8514,11.520286,Mvog-mbi,250,3.89,8.8,1.35,6,0.41,59.0,0,2,1
3.829016,11.50904,Nsam,3.93979,11.545125,Nkozoa,1500,19.89,35.6,1.54,27,0.39,16.5,0,3,0
3.841615,11.53409,Ekounou,3.93979,11.545125,Nkozoa,900,13.92,27.4,1.27,30,0.28,64.6,0,0,0
3.822583,11.516337,Mvan,3.93979,11.545125,Nkozoa,1700,21.3,54.5,1.59,34,0.36,24.9,1,3,0
3.83599,11.550566,Awae,3.841615,11.53409,Ekounou,200,2.57,3.9,1.33,7,0.25,67.1,0,2,0
3.84047,11.486478,Biyem-assi,3.887423,11.499263,Tsinga,400,6.64,16.0,1.23,15,0.32,64.2,0,2,0
3.894018,11.510882,Bastos,3.8514,11.520286,Mvog-mbi,350,6.18,17.4,1.27,11,0.3,52.8,0,1,0
3.829016,11.50904,Nsam,3.887423,11.499263,Tsinga,500,9.3,14.5,1.41,22,0.42,26.7,0,3,0
3.887005,11.518966,Nlongkak,3.841615,11.53409,Ekounou,450,8.15,16.6,1.53,8,0.28,41.2,0,1,0
3.857338,11.492532,Obili,3.93979,11.545125,Nkozoa,900,12.28,27.2,1.13,17,0.27,28.7,0,3,0
3.857338,11.492532,Obili,3.841615,11.53409,Ekounou,500,6.59,12.2,1.34,7,0.23,19.7,0,3,1
3.852363,11.498848,Cradat,3.93979,11.545125,Nkozoa,1000,17.05,40.2,1.55,32,0.34,26.4,0,3,0
3.872102,11.536035,Essos,3.946907,11.522994,Olembe,700,11.55,19.3,1.37,12,0.31,29.6,0,3,0
3.829016,11.50904,Nsam,3.830017,11.482033,Jouvence,200,3.52,8.8,1.17,7,0.43,52.1,0,2,0
3.902621,11.54908,Ngousso,3.857338,11.492532,Obili,700,11.99,20.9,1.49,30,0.21,23.6,0,3,0
3.887423,11.499263,Tsinga,3.887005,11.518966,Nlongkak,250,2.41,7.1,1.1,6,0.24,67.4,0,2,1
3.875626,11.498415,Mokolo,3.887423,11.499263,Tsinga,100,1.92,3.7,1.46,3,0.33,55.5,1,1,0
3.8514,11.520286,Mvog-mbi,3.830017,11.482033,Jouvence,600,6.99,12.5,1.44,18,0.33,17.1,1,3,0
3.864589,11.496399,Melen,3.830017,11.482033,Jouvence,300,5.29,10.6,1.27,12,0.39,67.8,0,0,0
3.852363,11.498848,Cradat,3.829016,11.50904,Nsam,350,4.39,7.2,1.55,8,0.27,29.7,0,3,0
3.875626,11.498415,Mokolo,3.829016,11.50904,Nsam,500,8.18,23.7,1.54,14,0.28,52.2,1,1,0
3.941935,11.518456,Messassi,3.830017,11.482033,Jouvence,1200,17.67,39.3,1.35,35,0.43,57.2,1,1,0
3.864589,11.496399,Melen,3.841615,11.53409,Ekounou,250,5.81,14.3,1.19,13,0.31,47.5,0,1,0
3.829016,11.50904,Nsam,3.932829,11.522329,Emana,1200,15.55,39.1,1.34,27,0.24,21.4,0,3,1
3.902621,11.54908,Ngousso,3.872102,11.536035,Essos,350,4.23,7.0,1.15,9,0.4,60.5,0,0,0
3.83599,11.550566,Awae,3.8514,11.520286,Mvog-mbi,400,4.37,10.0,1.16,9,0.28,28.8,0,3,0
3.8514,11.520286,Mvog-mbi,3.830017,11.482033,Jouvence,450,6.32,10.5,1.3,10,0.29,78.2,1,0,0
3.902621,11.54908,Ngousso,3.914977,11.525281,Etoudi,350,4.0,12.0,1.34,11,0.38,74.5,0,0,0
3.852363,11.498848,Cradat,3.941935,11.518456,Messassi,700,11.32,18.5,1.11,14,0.35,15.5,0,3,0
3.822583,11.516337,Mvan,3.809866,11.476172,Simbock,350,6.41,9.8,1.37,13,0.26,49.4,0,1,0
3.83599,11.550566,Awae,3.93979,11.545125,Nkozoa,700,14.54,29.0,1.26,31,0.3,53.2,0,2,0
3.902621,11.54908,Ngousso,3.914977,11.525281,Etoudi,250,3.69,5.8,1.24,9,0.33,16.5,0,3,0
3.83599,11.550566,Awae,3.829016,11.50904,Nsam,500,6.4,11.8,1.37,16,0.4,56.6,1,2,1
3.8514,11.520286,Mvog-mbi,3.830017,11.482033,Jouvence,450,7.08,19.6,1.45,20,0.31,24.5,0,3,0
3.941935,11.518456,Messassi,3.887423,11.499263,Tsinga,450,9.15,14.2,1.42,12,0.28,54.3,0,2,0
3.941935,11.518456,Messassi,3.93979,11.545125,Nkozoa,300,3.52,7.3,1.19,6,0.28,24.6,0,3,0
3.932829,11.522329,Emana,3.821206,11.487367,Nsimeyong,900,17.95,50.7,1.38,37,0.27,49.8,0,1,0
3.829016,11.50904,Nsam,3.830017,11.482033,Jouvence,350,3.89,6.0,1.3,9,0.35,19.5,1,3,1
3.894018,11.510882,Bastos,3.946907,11.522994,Olembe,450,7.66,16.4,1.27,19,0.26,15.4,0,3,1
3.822583,11.516337,Mvan,3.84047,11.486478,Biyem-assi,350,5.46,8.4,1.41,12,0.38,47.7,0,1,1
3.932829,11.522329,Emana,3.946907,11.522994,Olembe,250,2.21,5.6,1.41,6,0.28,55.6,0,1,0
3.822583,11.516337,Mvan,3.887005,11.518966,Nlongkak,500,11.25,24.5,1.57,24,0.29,67.6,0,0,0
3.852363,11.498848,Cradat,3.864589,11.496399,Melen,100,1.74,3.7,1.26,5,0.37,65.1,0,0,0
3.894018,11.510882,Bastos,3.863523,11.528387,Mvog-ada,300,5.62,8.9,1.44,14,0.3,44.5,0,1,0
3.902621,11.54908,Ngousso,3.93979,11.545125,Nkozoa,400,6.46,9.9,1.55,7,0.31,56.1,0,2,0
3.941935,11.518456,Messassi,3.841615,11.53409,Ekounou,800,15.47,31.3,1.37,37,0.44,56.5,0,1,0
3.822583,11.516337,Mvan,3.93979,11.545125,Nkozoa,1500,21.47,39.1,1.6,35,0.26,27.0,0,3,1
3.84047,11.486478,Biyem-assi,3.93979,11.545125,Nkozoa,600,14.71,32.3,1.15,41,0.37,42.1,0,1,1
3.914977,11.525281,Etoudi,3.867167,11.549298,Mimboman,450,7.37,13.0,1.24,13,0.23,66.7,1,0,0
3.894018,11.510882,Bastos,3.852363,11.498848,Cradat,400,6.98,12.7,1.45,15,0.38,45.5,0,1,0
3.8514,11.520286,Mvog-mbi,3.887423,11.499263,Tsinga,450,6.86,20.2,1.48,7,0.21,26.9,0,3,0
3.809866,11.476172,Simbock,3.821206,11.487367,Nsimeyong,250,2.79,7.7,1.58,7,0.32,73.8,0,0,1
3.894018,11.510882,Bastos,3.875626,11.498415,Mokolo,300,2.83,6.6,1.15,5,0.43,68.1,0,0,1
3.894018,11.510882,Bastos,3.932829,11.522329,Emana,450,6.22,15.9,1.38,15,0.43,53.8,0,1,1
3.857338,11.492532,Obili,3.841615,11.53409,Ekounou,400,6.64,15.8,1.35,8,0.35,55.2,0,2,0
3.914977,11.525281,Etoudi,3.821206,11.487367,Nsimeyong,1200,17.54,28.0,1.56,21,0.3,18.3,1,3,0
3.872102,11.536035,Essos,3.830017,11.482033,Jouvence,450,9.27,17.2,1.22,21,0.33,52.8,1,1,0
3.809866,11.476172,Simbock,3.864589,11.496399,Melen,450,9.22,17.0,1.42,26,0.38,15.1,0,3,0
3.875626,11.498415,Mokolo,3.8514,11.520286,Mvog-mbi,350,5.56,9.2,1.53,7,0.43,65.0,1,0,0
3.857338,11.492532,Obili,3.867167,11.549298,Mimboman,500,7.78,19.0,1.22,17,0.32,18.7,0,3,1
3.887423,11.499263,Tsinga,3.863523,11.528387,Mvog-ada,300,5.98,12.8,1.43,15,0.35,73.0,0,0,0
3.941935,11.518456,Messassi,3.83599,11.550566,Awae,1000,17.12,33.0,1.39,47,0.2,67.9,0,2,0
3.822583,11.516337,Mvan,3.809866,11.476172,Simbock,350,5.93,16.2,1.27,13,0.3,45.8,0,1,1
3.84047,11.486478,Biyem-assi,3.864589,11.496399,Melen,350,4.2,7.9,1.45,7,0.37,47.7,0,1,0
3.875626,11.498415,Mokolo,3.887005,11.518966,Nlongkak,250,3.92,6.7,1.5,9,0.36,63.6,0,0,0
3.84047,11.486478,Biyem-assi,3.83599,11.550566,Awae,450,8.29,15.8,1.16,17,0.2,17.3,0,3,0
3.809866,11.476172,Simbock,3.887423,11.499263,Tsinga,600,11.33,31.6,1.26,32,0.28,76.2,1,0,0
3.902621,11.54908,Ngousso,3.887423,11.499263,Tsinga,450,7.27,18.3,1.26,15,0.27,56.5,1,2,0
3.83599,11.550566,Awae,3.841615,11.53409,Ekounou,250,2.48,5.2,1.29,4,0.39,54.9,1,2,0
3.914977,11.525281,Etoudi,3.887423,11.499263,Tsinga,400,5.49,9.7,1.3,12,0.22,69.2,0,0,0
3.894018,11.510882,Bastos,3.821206,11.487367,Nsimeyong,500,10.84,18.1,1.27,14,0.37,43.0,0,1,0
3.84047,11.486478,Biyem-assi,3.932829,11.522329,Emana,1000,15.95,32.2,1.45,43,0.24,20.0,0,3,0
3.894018,11.510882,Bastos,3.914977,11.525281,Etoudi,400,4.34,6.5,1.54,7,0.37,77.9,1,0,0
3.941935,11.518456,Messassi,3.932829,11.522329,Emana,100,1.69,4.7,1.53,2,0.25,65.3,0,0,0
3.875626,11.498415,Mokolo,3.830017,11.482033,Jouvence,450,7.38,14.3,1.37,13,0.22,51.2,0,2,0
3.894018,11.510882,Bastos,3.932829,11.522329,Emana,500,6.82,19.0,1.52,14,0.21,23.7,0,3,0
3.852363,11.498848,Cradat,3.830017,11.482033,Jouvence,450,4.54,12.1,1.46,11,0.44,66.6,0,2,1
3.902621,11.54908,Ngousso,3.864589,11.496399,Melen,400,8.86,14.5,1.23,9,0.23,67.8,0,0,0
3.867167,11.549298,Mimboman,3.830017,11.482033,Jouvence,1000,13.19,36.8,1.55,24,0.29,54.6,0,2,1
3.914977,11.525281,Etoudi,3.809866,11.476172,Simbock,1000,16.1,34.3,1.25,46,0.43,53.7,0,1,0
3.864589,11.496399,Melen,3.932829,11.522329,Emana,600,11.37,21.1,1.4,20,0.4,66.0,1,2,0
3.872102,11.536035,Essos,3.864589,11.496399,Melen,400,5.29,8.4,1.18,12,0.38,56.1,0,2,1
3.822583,11.516337,Mvan,3.83599,11.550566,Awae,300,4.53,8.3,1.11,9,0.23,70.1,0,0,0
3.914977,11.525281,Etoudi,3.841615,11.53409,Ekounou,800,12.72,22.1,1.55,31,0.32,49.0,0,1,0
3.809866,11.476172,Simbock,3.93979,11.545125,Nkozoa,1500,19.69,38.9,1.2,26,0.36,60.1,1,0,0
3.822583,11.516337,Mvan,3.946907,11.522994,Olembe,1000,17.59,43.5,1.27,28,0.42,60.9,0,0,1
3.829016,11.50904,Nsam,3.841615,11.53409,Ekounou,400,4.73,10.9,1.52,9,0.21,27.2,0,3,1
3.902621,11.54908,Ngousso,3.887005,11.518966,Nlongkak,400,4.52,9.3,1.2,9,0.24,59.8,1,2,0
3.875626,11.498415,Mokolo,3.887423,11.499263,Tsinga,150,1.85,2.9,1.4,2,0.45,59.4,0,2,0
3.809866,11.476172,Simbock,3.93979,11.545125,Nkozoa,1000,21.61,49.6,1.32,55,0.34,60.6,0,0,0
3.932829,11.522329,Emana,3.946907,11.522994,Olembe,200,1.93,4.8,1.23,4,0.26,21.0,0,3,0
3.809866,11.476172,Simbock,3.941935,11.518456,Messassi,900,17.79,42.7,1.15,20,0.35,52.4,0,1,0
3.822583,11.516337,Mvan,3.867167,11.549298,Mimboman,600,9.16,16.9,1.49,17,0.32,78.9,0,0,1
3.84047,11.486478,Biyem-assi,3.887005,11.518966,Nlongkak,500,8.0,12.9,1.27,20,0.29,51.7,0,1,1
3.84047,11.486478,Biyem-assi,3.863523,11.528387,Mvog-ada,350,7.57,17.3,1.43,21,0.23,60.9,0,0,0
3.894018,11.510882,Bastos,3.829016,11.50904,Nsam,450,8.45,15.2,1.17,21,0.31,67.0,0,2,0
3.894018,11.510882,Bastos,3.914977,11.525281,Etoudi,300,3.41,7.9,1.21,8,0.34,72.7,0,0,1
3.902621,11.54908,Ngousso,3.946907,11.522994,Olembe,350,6.35,13.5,1.11,14,0.3,51.1,0,1,0
3.894018,11.510882,Bastos,3.84047,11.486478,Biyem-assi,700,10.06,29.2,1.54,23,0.34,24.6,0,3,0
3.872102,11.536035,Essos,3.932829,11.522329,Emana,800,10.79,16.6,1.56,13,0.41,54.1,1,2,0
3.829016,11.50904,Nsam,3.830017,11.482033,Jouvence,400,4.43,8.2,1.48,5,0.43,74.5,0,0,0
3.93979,11.545125,Nkozoa,3.830017,11.482033,Jouvence,900,15.87,46.9,1.13,16,0.28,65.6,0,2,0
3.894018,11.510882,Bastos,3.946907,11.522994,Olembe,400,9.03,23.4,1.5,26,0.36,59.1,0,2,0
3.914977,11.525281,Etoudi,3.872102,11.536035,Essos,350,5.82,8.9,1.18,13,0.37,44.1,0,1,1
3.914977,11.525281,Etoudi,3.867167,11.549298,Mimboman,500,9.41,17.1,1.58,25,0.28,78.4,0,0,0
3.809866,11.476172,Simbock,3.84047,11.486478,Biyem-assi,300,5.55,10.9,1.55,14,0.38,57.5,0,2,1
3.841615,11.53409,Ekounou,3.821206,11.487367,Nsimeyong,400,7.66,18.8,1.35,14,0.39,29.5,0,3,0
3.932829,11.522329,Emana,3.863523,11.528387,Mvog-ada,900,12.1,31.2,1.56,15,0.4,22.8,0,3,1
3.822583,11.516337,Mvan,3.887423,11.499263,Tsinga,900,10.75,23.1,1.44,19,0.32,18.9,1,3,0
3.852363,11.498848,Cradat,3.83599,11.550566,Awae,450,9.2,18.2,1.53,13,0.28,41.5,0,1,1
3.902621,11.54908,Ngousso,3.887423,11.499263,Tsinga,500,9.1,13.7,1.57,14,0.32,42.9,1,1,0
3.875626,11.498415,Mokolo,3.914977,11.525281,Etoudi,400,7.48,21.8,1.41,19,0.29,24.4,0,3,0
3.852363,11.498848,Cradat,3.84047,11.486478,Biyem-assi,300,2.25,5.7,1.18,6,0.24,64.5,0,0,0
3.887423,11.499263,Tsinga,3.863523,11.528387,Mvog-ada,450,6.55,17.7,1.56,8,0.23,45.7,1,1,0
3.8514,11.520286,Mvog-mbi,3.93979,11.545125,Nkozoa,1500,15.62,36.9,1.53,22,0.38,56.2,1,2,0
3.894018,11.510882,Bastos,3.809866,11.476172,Simbock,700,13.5,21.8,1.33,25,0.2,59.7,0,1,0
3.875626,11.498415,Mokolo,3.84047,11.486478,Biyem-assi,350,6.18,11.3,1.5,6,0.24,43.7,0,1,0
3.914977,11.525281,Etoudi,3.84047,11.486478,Biyem-assi,1000,13.79,24.8,1.48,31,0.36,58.0,1,2,1
3.941935,11.518456,Messassi,3.946907,11.522994,Olembe,200,1.09,1.9,1.46,2,0.27,43.3,1,1,1
3.809866,11.476172,Simbock,3.867167,11.549298,Mimboman,700,11.61,21.0,1.13,27,0.28,72.7,0,0,1
3.809866,11.476172,Simbock,3.863523,11.528387,Mvog-ada,600,10.9,19.7,1.31,20,0.43,49.7,0,1,0
3.84047,11.486478,Biyem-assi,3.841615,11.53409,Ekounou,450,7.14,10.9,1.35,10,0.2,56.5,1,2,0
3.902621,11.54908,Ngousso,3.867167,11.549298,Mimboman,350,4.47,9.4,1.13,9,0.37,59.2,0,1,0
3.946907,11.522994,Olembe,3.863523,11.528387,Mvog-ada,700,13.41,28.2,1.44,15,0.43,23.8,0,3,1
3.809866,11.476172,Simbock,3.941935,11.518456,Messassi,2000,24.22,71.7,1.57,53,0.31,65.9,1,2,1
3.894018,11.510882,Bastos,3.902621,11.54908,Ngousso,400,6.55,13.1,1.51,9,0.24,60.8,0,0,0
3.914977,11.525281,Etoudi,3.941935,11.518456,Messassi,400,4.5,6.9,1.45,10,0.34,70.3,0,0,1
3.894018,11.510882,Bastos,3.84047,11.486478,Biyem-assi,500,7.44,14.4,1.14,16,0.42,21.2,0,3,0
3.83599,11.550566,Awae,3.887423,11.499263,Tsinga,900,10.63,30.4,1.32,15,0.31,55.8,1,2,1
3.852363,11.498848,Cradat,3.93979,11.545125,Nkozoa,600,12.62,33.3,1.15,36,0.4,67.3,0,0,0
3.857338,11.492532,Obili,3.887423,11.499263,Tsinga,400,5.17,9.7,1.51,11,0.34,66.9,0,2,0
3.894018,11.510882,Bastos,3.852363,11.498848,Cradat,450,7.3,12.3,1.51,20,0.43,73.5,0,0,1
3.914977,11.525281,Etoudi,3.852363,11.498848,Cradat,500,9.39,14.3,1.24,11,0.43,17.3,0,3,0
3.864589,11.496399,Melen,3.821206,11.487367,Nsimeyong,450,7.42,15.1,1.51,14,0.31,44.6,1,1,0
3.887423,11.499263,Tsinga,3.932829,11.522329,Emana,450,6.68,11.3,1.18,16,0.29,24.7,0,3,0
3.829016,11.50904,Nsam,3.932829,11.522329,Emana,1000,17.85,37.7,1.53,41,0.31,45.8,0,1,0
3.914977,11.525281,Etoudi,3.821206,11.487367,Nsimeyong,900,13.13,28.8,1.17,37,0.34,49.4,0,1,1
3.914977,11.525281,Etoudi,3.852363,11.498848,Cradat,500,8.86,17.8,1.17,20,0.28,52.4,0,2,0
3.809866,11.476172,Simbock,3.932829,11.522329,Emana,1500,19.4,32.7,1.33,40,0.23,40.5,1,1,0
3.8514,11.520286,Mvog-mbi,3.887423,11.499263,Tsinga,400,6.19,11.3,1.33,13,0.21,59.3,0,1,0
3.867167,11.549298,Mimboman,3.821206,11.487367,Nsimeyong,800,10.56,23.0,1.23,22,0.29,56.6,1,2,0
3.809866,11.476172,Simbock,3.946907,11.522994,Olembe,1500,21.87,45.3,1.36,62,0.36,58.7,0,2,0
3.83599,11.550566,Awae,3.829016,11.50904,Nsam,300,5.78,12.5,1.24,6,0.37,52.7,0,1,0
3.932829,11.522329,Emana,3.863523,11.528387,Mvog-ada,500,9.19,15.1,1.19,23,0.32,68.6,0,2,0
3.902621,11.54908,Ngousso,3.857338,11.492532,Obili,400,9.05,18.8,1.13,11,0.27,55.9,0,1,0
3.894018,11.510882,Bastos,3.875626,11.498415,Mokolo,250,3.6,5.5,1.46,4,0.32,24.3,0,3,1
3.857338,11.492532,Obili,3.83599,11.550566,Awae,600,10.7,31.8,1.56,29,0.3,51.5,0,2,0
3.852363,11.498848,Cradat,3.821206,11.487367,Nsimeyong,400,4.67,10.4,1.27,11,0.27,50.6,0,2,1
3.864589,11.496399,Melen,3.867167,11.549298,Mimboman,400,6.89,17.3,1.17,15,0.32,40.3,0,1,0
3.875626,11.498415,Mokolo,3.941935,11.518456,Messassi,500,9.61,20.1,1.25,20,0.37,64.8,1,0,0
3.894018,11.510882,Bastos,3.863523,11.528387,Mvog-ada,400,4.5,13.4,1.15,11,0.26,72.3,0,0,1
3.829016,11.50904,Nsam,3.887005,11.518966,Nlongkak,800,10.32,24.5,1.58,18,0.41,20.8,1,3,0
